<?xml version="1.0" encoding="UTF-8"?>
<jcr:root xmlns:cq="http://www.day.com/jcr/cq/1.0" xmlns:jcr="http://www.jcp.org/jcr/1.0" xmlns:nt="http://www.jcp.org/jcr/nt/1.0"
    jcr:primaryType="cq:TabPanel"
    activeTab="0"
    helpPath="en/cq/current/wcm/default_components.html#Text Image"
    xtype="tabpanel">
    <items jcr:primaryType="cq:WidgetCollection">
        <linkspanel
            jcr:primaryType="cq:Panel"
            border="{Boolean}true"
            height="&quot;&quot;"
            title="Links"
            width="&quot;&quot;">
            <items jcr:primaryType="cq:WidgetCollection">
                <links
                    jcr:primaryType="cq:Widget"
                    fieldDescription="Press + to add more links"
                    fieldLabel="Links"
                    hideLabel="{Boolean}true"
                    name="./links"
                    width="{Long}1000"
                    xtype="multifield">
                    <fieldConfig
                        jcr:primaryType="cq:Widget"
                        xtype="mypathfield">
                        <listeners jcr:primaryType="nt:unstructured"/>
                    </fieldConfig>
                </links>
            </items>
        </linkspanel>
        <tab1
            jcr:primaryType="cq:Widget"
            anchor="100%"
            title="Text"
            xtype="panel">
            <items jcr:primaryType="cq:WidgetCollection">
                <title
                    jcr:primaryType="cq:Widget"
                    fieldLabel="Title"
                    name="./title"
                    xtype="textfield"/>
                <mainImage
                    jcr:primaryType="cq:Widget"
                    fieldLabel="Main Image"
                    name="./mainImage"
                    xtype="pathfield"/>
                <aboutusTitle
                    jcr:primaryType="cq:Widget"
                    fieldLabel="About Us Title"
                    name="./aboutusTitle"
                    xtype="textfield"/>
                <text
                    jcr:primaryType="cq:Widget"
                    editElementQuery="div[class=&quot;text&quot;]"
                    fieldLabel="About Us Description"
                    name="./text"
                    title="About Us Description"
                    xtype="richtext"/>
                <richFlag
                    jcr:primaryType="cq:Widget"
                    ignoreData="{Boolean}true"
                    name="./textIsRich"
                    value="true"
                    xtype="hidden"/>
            </items>
        </tab1>
    </items>
</jcr:root>
